num	amino	secStruct
1	M	C
2	E	C
3	D	C
4	F	C
5	Q	C
6	A	C
7	S	C
8	E	C
9	E	C
10	T	C
11	A	C
12	F	C
13	V	C
14	V	H
15	D	H
16	E	H
17	V	H
18	S	H
19	S	H
20	I	H
21	V	H
22	K	H
23	E	H
24	A	H
25	I	H
26	E	H
27	S	H
28	A	H
29	I	H
30	G	C
31	G	C
32	N	C
33	A	C
34	Y	C
35	Q	C
36	H	H
37	S	H
38	K	H
39	V	H
40	N	H
41	Q	H
42	W	H
43	T	H
44	T	H
45	N	H
46	V	H
47	L	H
48	E	H
49	Q	H
50	T	H
51	L	H
52	S	H
53	Q	H
54	L	H
55	T	H
56	K	H
57	L	H
58	G	C
59	R	C
60	P	C
61	F	E
62	K	E
63	Y	E
64	I	E
65	V	E
66	T	E
67	C	E
68	V	E
69	I	E
70	M	E
71	Q	E
72	K	C
73	N	C
74	G	C
75	A	C
76	G	C
77	L	C
78	H	E
79	S	E
80	A	E
81	S	E
82	S	E
83	C	E
84	F	E
85	W	E
86	D	C
87	S	C
88	S	C
89	T	C
90	D	C
91	G	C
92	S	E
93	C	E
94	T	E
95	V	E
96	R	E
97	W	E
98	E	E
99	N	C
100	K	C
101	T	C
102	M	E
103	Y	E
104	C	E
105	I	E
106	V	E
107	S	E
108	T	E
109	F	E
110	G	E
111	L	E
112	S	E
113	I	C
